Feature,MinTemp,MaxTemp,Rainfall,Evaporation,Sunshine,WindGustSpeed,WindSpeed9am,WindSpeed3pm,Humidity9am,Humidity3pm,Pressure9am,Pressure3pm,Cloud9am,Cloud3pm,Temp9am,Temp3pm
MinTemp,1.0,0.7362674127583848,0.10425481706100742,0.46726146529078144,0.07296128076679945,0.1772852236278326,0.17600527210910372,0.1757492995664908,-0.23421064127239508,0.005999028623322537,-0.4512600426902235,-0.4616229996151712,0.0776249380881291,0.02048877752607044,0.9018125915105718,0.7088648165457256
MaxTemp,0.7362674127583848,1.0,-0.07483898642009616,0.5889149209475939,0.4699674137236016,0.06769007389515998,0.014680433984684573,0.05079994916435237,-0.5054316859933625,-0.509269751506985,-0.3322931111318991,-0.4272793600674289,-0.2898649356586732,-0.27905320336909173,0.887020288401585,0.9845620097169
Rainfall,0.10425481706100742,-0.07483898642009616,1.0,-0.06454937805467019,-0.22752479637389825,0.1334969406636095,0.08681579007475682,0.057758981794527084,0.2237245662312158,0.25531239683403467,-0.168085427708108,-0.12672839162887417,0.19819467482960024,0.17199332586232463,0.011477440932898403,-0.07917761749127408
Evaporation,0.46726146529078144,0.5889149209475939,-0.06454937805467019,1.0,0.36660737479131594,0.2030006045866526,0.19393622932831625,0.12889472862557433,-0.5058901656118603,-0.3927848369409603,-0.2699065003130338,-0.2931596026263271,-0.18503212604947383,-0.18428650024009038,0.5454971048645718,0.5742748919916016
Sunshine,0.07296128076679945,0.4699674137236016,-0.22752479637389825,0.36660737479131594,1.0,-0.032830914807313996,0.00803964334576142,0.05601172107933941,-0.49160305455759273,-0.6291219862914723,0.040958923584722425,-0.020463748250981587,-0.6756103440032437,-0.7042024587578674,0.29113878641475144,0.4901796948211165
WindGustSpeed,0.1772852236278326,0.06769007389515998,0.1334969406636095,0.2030006045866526,-0.032830914807313996,1.0,0.6048371923682065,0.6864194943876971,-0.21546101022193057,-0.026662912453015837,-0.45789144921227637,-0.41292176236763933,0.07123548042485753,0.10908779648442075,0.15025769831963978,0.03296966882673925
WindSpeed9am,0.17600527210910372,0.014680433984684573,0.08681579007475682,0.19393622932831625,0.00803964334576142,0.6048371923682065,1.0,0.5199712145558707,-0.2708074027085934,-0.03160746301431838,-0.22792308825075958,-0.17491613486108953,0.024280448324038376,0.053584297175809155,0.1292975548244498,0.0051081486547287945
WindSpeed3pm,0.1757492995664908,0.05079994916435237,0.057758981794527084,0.12889472862557433,0.05601172107933941,0.6864194943876971,0.5199712145558707,1.0,-0.14594182345759926,0.015903196647725742,-0.2955666363574017,-0.254987827199621,0.052779644817428216,0.025268636267105543,0.16360111451751363,0.02856734856982692
Humidity9am,-0.23421064127239508,-0.5054316859933625,0.2237245662312158,-0.5058901656118603,-0.49160305455759273,-0.21546101022193057,-0.2708074027085934,-0.14594182345759926,1.0,0.6673878396369203,0.13951933928052007,0.18695533249232943,0.4521818580633203,0.3580432069294068,-0.47282579729079444,-0.49977700210236686
Humidity3pm,0.005999028623322537,-0.509269751506985,0.25531239683403467,-0.3927848369409603,-0.6291219862914723,-0.026662912453015837,-0.03160746301431838,0.015903196647725742,0.6673878396369203,1.0,-0.02744948687342361,0.05183974738725605,0.5170373072868597,0.5232695542903724,-0.22146729532521095,-0.5579892227691576
Pressure9am,-0.4512600426902235,-0.3322931111318991,-0.168085427708108,-0.2699065003130338,0.040958923584722425,-0.45789144921227637,-0.22792308825075958,-0.2955666363574017,0.13951933928052007,-0.02744948687342361,1.0,0.9613476612505049,-0.13008137077841994,-0.14813907239736215,-0.4227734565821066,-0.2873009957982021
Pressure3pm,-0.4616229996151712,-0.4272793600674289,-0.12672839162887417,-0.2931596026263271,-0.020463748250981587,-0.41292176236763933,-0.17491613486108953,-0.254987827199621,0.18695533249232943,0.05183974738725605,0.9613476612505049,1.0,-0.0611524420495258,-0.08496280423046002,-0.4703245997666865,-0.38986327935030285
Cloud9am,0.0776249380881291,-0.2898649356586732,0.19819467482960024,-0.18503212604947383,-0.6756103440032437,0.07123548042485753,0.024280448324038376,0.052779644817428216,0.4521818580633203,0.5170373072868597,-0.13008137077841994,-0.0611524420495258,1.0,0.6041178590617861,-0.13784271732014008,-0.3025197977276898
Cloud3pm,0.02048877752607044,-0.27905320336909173,0.17199332586232463,-0.18428650024009038,-0.7042024587578674,0.10908779648442075,0.053584297175809155,0.025268636267105543,0.3580432069294068,0.5232695542903724,-0.14813907239736215,-0.08496280423046002,0.6041178590617861,1.0,-0.12786919919956694,-0.3182541550293516
Temp9am,0.9018125915105718,0.887020288401585,0.011477440932898403,0.5454971048645718,0.29113878641475144,0.15025769831963978,0.1292975548244498,0.16360111451751363,-0.47282579729079444,-0.22146729532521095,-0.4227734565821066,-0.4703245997666865,-0.13784271732014008,-0.12786919919956694,1.0,0.8605743134381268
Temp3pm,0.7088648165457256,0.9845620097169,-0.07917761749127408,0.5742748919916016,0.4901796948211165,0.03296966882673925,0.0051081486547287945,0.02856734856982692,-0.49977700210236686,-0.5579892227691576,-0.2873009957982021,-0.38986327935030285,-0.3025197977276898,-0.3182541550293516,0.8605743134381268,1.0
